date,hrp,dhrp,sac
2026-01-02,,100000.0,
2026-01-05,,100000.0,
2026-01-06,,100000.0,
2026-01-07,,100000.0,
2026-01-08,,100000.0,
2026-01-09,,100000.0,
2026-01-12,,100000.0,
2026-01-13,,100000.0,
2026-01-14,,100000.0,
2026-01-15,100000.0,100000.0,100000.0
2026-01-16,100000.0,100000.0,100000.0
2026-01-20,100404.56,99053.94,99981.84
2026-01-21,101261.1,100320.97,101784.55
2026-01-22,102047.69,101190.95,104138.35
2026-01-23,102839.36,102106.63,105630.08
2026-01-26,103858.61,102555.66,105110.44
2026-01-27,104542.53,103065.64,105521.69
2026-01-28,104823.29,103370.68,105523.84
2026-01-29,102745.99,101504.46,105026.51
2026-01-30,102795.61,100444.56,103317.43
2026-02-02,103428.27,100970.86,103908.12
2026-02-03,103132.36,100096.67,102956.76
2026-02-04,103649.7,99024.79,101809.68
2026-02-05,102731.43,97470.4,101838.73
2026-02-06,104594.03,99880.01,103417.29
2026-02-09,105325.81,100984.88,104072.95
2026-02-10,105048.18,100924.2,103997.42
2026-02-11,105436.8,100717.54,104387.77
2026-02-12,104719.65,99695.98,102997.1
2026-02-13,104092.07,99358.35,102124.59
2026-02-17,103713.15,99623.25,101655.54
2026-02-18,104729.37,100782.08,102266.42
2026-02-19,104803.83,100610.18,102170.65
2026-02-20,104367.38,101451.2,102109.88
2026-02-23,102899.46,100625.27,101110.3
2026-02-24,104025.03,101491.97,102080.92
2026-02-25,104450.8,102771.32,103428.68
2026-02-26,104028.41,102275.6,102764.02
2026-02-27,104849.16,102380.56,103246.26
2026-03-02,104085.99,101973.99,102705.3
2026-03-03,100103.95,98210.54,98673.59
2026-03-04,99994.96,97128.71,98554.44
2026-03-05,97613.6,95940.08,96499.08
2026-03-06,93959.37,91755.45,95303.07
2026-03-09,93820.57,89991.98,95333.54
2026-03-10,96331.66,92236.45,96041.24
2026-03-11,96577.91,92791.31,95920.96
2026-03-12,94656.15,90840.35,93605.61
2026-03-13,93885.77,90234.51,91381.82
2026-03-16,94880.5,92157.52,92151.81
2026-03-17,95706.19,92790.4,93728.15
2026-03-18,94755.73,93742.55,92312.4
2026-03-19,94112.49,94023.21,92244.1
2026-03-20,91905.67,91461.94,88870.32
2026-03-23,93200.76,91880.75,90947.91
2026-03-24,94643.77,93987.52,92739.33
2026-03-25,95612.78,94897.34,93506.24
2026-03-26,93969.35,90557.94,90358.03
2026-03-27,95113.27,89879.85,91646.57
2026-03-30,92807.46,85187.56,88594.47
2026-03-31,94746.83,87837.39,92019.32
2026-04-01,96383.09,91718.2,95085.94
2026-04-02,96411.43,90913.77,95733.36
2026-04-06,96485.3,92282.76,95813.05
2026-04-07,97430.27,93125.1,96554.81
2026-04-08,94202.9,100650.07,100876.12
2026-04-09,92548.33,100069.52,100062.08
2026-04-10,92797.61,101617.92,101961.44
2026-04-13,93290.77,102130.85,102329.44
2026-04-14,91256.06,104201.93,102646.5
2026-04-15,91276.25,104231.82,102475.23
2026-04-16,93088.84,105667.53,103029.05
2026-04-17,89231.08,106488.41,104466.37
2026-04-20,89697.97,105859.93,104240.11
2026-04-21,91545.02,106018.02,103799.23
2026-04-22,92468.44,107623.01,105682.46
2026-04-23,93442.82,108117.13,104970.8
2026-04-24,93132.0,110764.6,104848.5
2026-04-27,93236.56,110885.12,104805.26
2026-04-28,94107.03,106370.22,101690.52
2026-04-29,96376.78,103842.41,101829.56
2026-04-30,97082.09,105324.15,104457.74
2026-05-01,96134.95,104941.92,104160.1
2026-05-04,96134.95,104941.92,104160.1
2026-05-05,96212.31,104556.61,103882.69
2026-05-06,97062.69,103510.07,105096.29
2026-05-07,96152.44,103544.76,101965.07
2026-05-08,96643.41,103487.77,101454.05
2026-05-11,96464.91,103045.51,101152.03
2026-05-12,94714.77,103574.91,100071.95
2026-05-13,96930.35,103783.83,99932.92
2026-05-14,96699.16,103948.85,100286.87
2026-05-15,95378.22,103143.3,99189.98
2026-05-18,92916.96,104253.83,98887.84
2026-05-19,93398.73,105061.24,98522.07
2026-05-20,95433.27,104852.13,99640.01
2026-05-21,98897.04,104879.36,100205.85
2026-05-22,102266.33,105131.98,101926.22
2026-05-26,109750.41,104732.07,103189.45
2026-05-27,108211.12,104462.11,102719.16
2026-05-28,109520.96,103807.87,102347.1
2026-05-29,112292.79,103206.12,101627.04
2026-06-01,119912.47,103690.58,102691.91
2026-06-02,119706.99,103736.84,102631.45
2026-06-03,125111.07,103582.09,104395.87
2026-06-04,123950.84,104046.85,104905.26
2026-06-05,111703.15,103974.88,102470.1
2026-06-08,110583.91,103350.09,102285.17
2026-06-09,107074.26,104451.33,101928.51
2026-06-10,104087.16,104718.85,100432.15
2026-06-11,110854.09,104859.19,102347.59
2026-06-12,113862.17,105570.96,100900.03
2026-06-15,118634.85,104920.94,100810.77
2026-06-16,113695.07,105155.3,99438.94
2026-06-17,114886.93,104150.54,98124.48
2026-06-18,118783.93,103929.35,99155.1
2026-06-22,119466.1,104198.61,99129.07
2026-06-23,113507.06,104625.77,97951.82
2026-06-24,113816.89,104422.08,99193.83
2026-06-25,115798.81,104667.87,101332.07
2026-06-26,109173.72,105217.04,100616.6
2026-06-29,112475.38,105098.26,101548.33
2026-06-30,123377.03,104103.65,100172.75
2026-07-01,117952.06,104228.49,99409.81
2026-07-02,109744.29,105608.86,97984.63
2026-07-06,111618.7,104773.34,98901.04
2026-07-07,104634.64,105237.85,98122.69
2026-07-08,104326.79,103729.6,98090.58
2026-07-09,109187.73,102595.31,100265.25
2026-07-10,107721.95,103059.8,100261.64
2026-07-13,103984.51,103887.97,99490.93
2026-07-14,108010.19,103509.75,99684.97
2026-07-15,104489.9,103315.96,98643.46
2026-07-16,98925.63,104642.82,98293.02
2026-07-17,98381.69,104785.79,97671.87
2026-07-20,97632.98,104672.46,96899.38
2026-07-21,100960.97,104485.97,97481.7
2026-07-22,100511.6,104975.93,97256.03
2026-07-23,100110.33,104692.65,96752.68
2026-07-24,97220.61,105144.12,96732.77
2026-07-27,96429.57,105464.91,96495.72
2026-07-28,94626.78,106927.82,96917.52
2026-07-29,94626.78,106927.82,96917.52
2026-07-30,94702.89,105744.46,98901.0
2026-07-31,95286.85,104160.18,99440.35
2026-08-03,95332.5,104070.51,100322.93
2026-08-04,97439.24,104181.1,102480.81
2026-08-05,97768.08,104151.9,102454.61
2026-08-06,96108.3,104741.91,101688.61
2026-08-07,97497.68,104904.42,102956.83
2026-08-10,100302.71,105248.03,102742.1
2026-08-11,100347.47,102215.35,102343.44
2026-08-12,101034.69,101801.1,103969.79
2026-08-13,103131.25,101757.66,104440.41
2026-08-14,101748.04,102889.56,104149.7
2026-08-17,99649.29,102059.41,102582.35
2026-08-18,98758.41,102438.13,102488.75
2026-08-19,99155.03,103069.88,103611.21
2026-08-20,99048.11,104103.54,103215.49
2026-08-21,99715.76,104164.5,104260.09
2026-08-24,99006.91,104514.8,104004.65
2026-08-25,98645.08,104599.93,105235.77
2026-08-26,99518.87,104807.93,105529.98
2026-08-27,100872.48,104437.02,105909.1
2026-08-28,101308.33,104538.5,105067.24
2026-08-31,101456.97,104761.73,105035.47
2026-09-01,99654.21,104311.25,104398.81
2026-09-02,99659.43,104282.65,104349.27
2026-09-03,100254.7,105000.48,105370.78
2026-09-04,99362.2,104580.23,106359.66
2026-09-08,96438.56,104106.77,104202.55
2026-09-09,95685.47,103780.53,102119.47
2026-09-10,95115.16,103343.69,101275.09
2026-09-11,95407.29,103890.91,101796.96
2026-09-14,96229.16,104159.25,102253.66
2026-09-15,97651.11,104254.62,100982.09
2026-09-16,97613.24,103718.71,101046.9
2026-09-17,99790.1,104001.14,101723.78
2026-09-18,98457.69,103784.3,100589.88
2026-09-21,96286.35,103705.26,100910.05
2026-09-22,94962.31,104085.58,101962.9
2026-09-23,94818.59,103851.66,100695.53
2026-09-24,94100.72,103543.46,100721.5
2026-09-25,94202.1,103285.03,100048.33
2026-09-28,93264.73,102933.0,100533.16
2026-09-29,92780.22,102390.02,100066.34
2026-09-30,93420.55,102170.51,100324.17
2026-10-01,94981.36,99339.2,99628.57
2026-10-02,94734.97,99829.42,98738.7
