version,band,gross_compounded_hrp_calendar_pct,new_names_total
v2026-05-08-d40d9199c8bb,20,1.4305267035606084,17
v2026-05-08-d40d9199c8bb,30,-0.36186701181658565,11
v2026-07-17-4b84b182293b,20,-2.3746981653670507,44
v2026-07-17-4b84b182293b,30,-3.579240662028016,28
v2026-07-24-786e036ecc83,20,-0.27025367733033434,38
v2026-07-24-786e036ecc83,30,0.654618969568932,31
v2026-08-07-0410be5d7080,20,0.9620951789960364,19
v2026-08-07-0410be5d7080,30,-3.4513849490640958,12
v2026-08-07-2b6b17220a14,20,-3.2210152050158203,30
v2026-08-07-2b6b17220a14,30,-2.78812536308789,20
v2026-08-14-e7b14b211a54,20,0.22988517498951921,16
v2026-08-14-e7b14b211a54,30,-0.7436156112175851,11
v2026-08-21-0af698826abd,20,-0.4458204688900347,33
v2026-08-21-0af698826abd,30,-2.1988995190059035,27
