,start_level,end_level,change_pct,max_drawdown_pct,annualized_20_session_log_vol_start_pct,annualized_20_session_log_vol_end_pct
SPY,763.8232421875,769.6400146484375,0.7615338392006787,-2.472935182691627,13.147227578985865,10.328432639787206
QQQ,712.6973876953125,749.5800170898438,5.175075709734345,-2.2978524309697823,22.32208368124129,15.214752776614457
RSP,220.83985900878906,209.72999572753906,-5.0307328265446145,-5.991646904026149,11.297855504235207,9.073708611895198
IWM,299.1786193847656,281.5199890136719,-5.90237043255536,-7.115683861402344,15.6304573445295,11.213901276198088
^VIX,15.130000114440918,15.3100004196167,1.189691366915313,-20.347534099736798,105.02904304331136,99.41333286244033
^TNX,4.73799991607666,5.2769999504089355,11.376108988591938,-2.089488789898375,14.633752715472554,15.115122217129178
TLT,81.40892028808594,77.4800033569336,-4.826150398812423,-6.4597574337882495,12.050370146593242,10.507204811082737
XLE,63.26395797729492,62.81999969482422,-0.7017554649837665,-6.1647875593023205,25.036358949326914,20.119926824461754
XLK,183.09632873535156,199.80999755859375,9.128347323337227,-2.6562696287975918,32.42029247340212,17.69516272582202
XLV,173.95425415039062,166.17999267578125,-4.469141334070626,-5.664895171769812,20.511115862854187,14.36488325459431
XLF,57.277286529541016,53.4900016784668,-6.6121932105161925,-8.48874165899306,11.965799290288333,11.473024412103127
XLI,179.76686096191406,169.9499969482422,-5.460886373129526,-7.159379466488868,18.0806669015009,12.925468462454601
XLY,117.76063537597656,110.04000091552734,-6.556209921761546,-7.819403917154255,19.68527454239289,14.593246998937698
XLP,85.42815399169922,80.52999877929688,-5.733654519654352,-7.537659758360016,16.532893505432824,11.27663590923285
XLU,42.45781326293945,39.83000183105469,-6.18922933126782,-9.127551714791382,12.97128237028442,13.982618500319822
XLB,53.29473876953125,48.86000061035156,-8.321155636689303,-9.142196635472166,19.445882218391606,12.703149481068893
XLRE,44.70371627807617,40.810001373291016,-8.71004746129962,-9.562579256638559,11.856470488404968,10.259589705520513
XLC,111.0340576171875,110.31999969482422,-0.6430981067314878,-4.191719005310457,21.220565117129127,21.345115890063862
SMH,560.4199829101562,630.5999755859375,12.522749869008898,-5.709655275541392,45.00535837723645,31.30636413245918
GLD,423.3599853515625,380.1400146484375,-10.208799177663119,-11.717710375377543,25.189171550154466,21.31924481644311
SPUS,58.593875885009766,60.33000183105469,2.962981915468532,-2.4966254600416904,16.72449823850883,11.512063775240335
HLAL,72.24727630615234,75.5999984741211,4.640620850205313,-1.611646306396275,16.953953381298692,12.379354988717811
SPTE,46.79296875,51.400001525878906,9.845566329618505,-3.619441686097824,31.165059480392436,20.389587707196007
SPWO,33.72401428222656,34.2599983215332,1.589324553183813,-4.597705155496412,24.49677893134394,19.983479917926427
UMMA,37.795623779296875,37.77000045776367,-0.06779441366764338,-4.953887283435354,24.584056522529647,19.19212939094343
