version,week,n_common,channels,rank_ic_next5,rank_ic_next5_ex_corporate_action,rank_ic_calendar,corr_pred_mean60,std_pred_log,std_loc_component,std_learned_residual,top15_equal_calendar_pct,top15_equal_next5_pct,mae_next5_pp,median_prediction_pct
v2026-05-08-d40d9199c8bb,2026-05-11,427,5,0.28077233184031414,0.28077233184031414,0.28077233184031414,0.9999529889618082,0.017755473032593727,0.017794400453567505,0.00010145491978619248,-1.2891576575735357,-1.2891577556729317,4.388739913702011,-0.30422271229326725
v2026-05-08-d40d9199c8bb,2026-05-18,427,5,-0.20448291094814636,-0.20448291094814636,-0.20448291094814636,0.9999583836711088,0.018746113404631615,0.01878231018781662,0.00010111257870448753,8.462217107282038,8.462217450141907,4.9004655331373215,-0.4803009331226349
v2026-05-08-d40d9199c8bb,2026-05-25,428,5,0.1434878894661337,0.1434878894661337,0.04929573261119148,0.9999562257873889,0.01914840005338192,0.019184621050953865,0.00010094232857227325,11.88016747181996,17.84781962633133,5.71230985224247,-0.3504636697471142
v2026-05-08-d40d9199c8bb,2026-06-01,428,5,-0.20523616111175483,-0.20523616111175483,-0.20523616111175483,0.9999611236013872,0.020247647538781166,0.02029750682413578,0.00010340974404243752,-3.2950781920820913,-3.2950785011053085,4.509386047720909,-0.08725268999114633
v2026-05-08-d40d9199c8bb,2026-06-08,428,5,0.10082930704962267,0.10082930704962267,0.10082930704962267,0.9999520932568275,0.018818510696291924,0.01886768825352192,0.00010942688822979107,7.795746092441854,7.795745879411697,3.917650878429413,0.06369571783579886
v2026-05-08-d40d9199c8bb,2026-06-15,428,5,0.3510186133392661,0.3510186133392661,0.24080164667574083,0.9999461240460169,0.019266188144683838,0.019317148253321648,0.00011403194366721436,9.332625068393591,13.462546467781067,4.639484733343124,0.3479872364550829
v2026-05-08-d40d9199c8bb,2026-06-22,428,5,-0.21060630804770536,-0.21060630804770536,-0.21060630804770536,0.9999504096332655,0.020767638459801674,0.020825324580073357,0.00011341729259584099,-8.79031375692103,-8.790313452482224,5.798499286174774,0.4107330460101366
v2026-05-08-d40d9199c8bb,2026-06-29,429,5,-0.1655271872155791,-0.1655271872155791,-0.2710202962498386,0.9999661064864281,0.020519927144050598,0.02057701162993908,0.00011582124716369435,-4.892651810310018,-2.3499878123402596,4.6897199004888535,0.43764342553913593
v2026-05-08-d40d9199c8bb,2026-07-06,429,5,-0.08132847374316621,-0.08132847374316621,-0.08132847374316621,0.9999598749435743,0.018375283107161522,0.018429046496748924,0.00011988545156782493,0.5897124251556721,0.5897126160562038,3.6287739872932434,0.5341963842511177
v2026-05-08-d40d9199c8bb,2026-07-13,429,5,-0.26053259932851325,-0.26053259932851325,-0.26053259932851325,0.9999262854077025,0.01712588593363762,0.01717500388622284,0.00011896194337168708,-8.614091874189498,-8.614091575145721,4.59955669939518,0.16668232856318355
v2026-05-08-d40d9199c8bb,2026-07-20,429,5,-0.046730795828818006,-0.046730795828818006,-0.046730795828818006,0.999925525463452,0.01444937102496624,0.014470204710960388,0.00012173176946816966,-0.8555803889629777,-0.8555806241929531,3.506847098469734,0.07016492309048772
v2026-05-08-d40d9199c8bb,2026-07-27,429,5,-0.19256060175425532,-0.19256060175425532,-0.19256060175425532,0.9999189899428979,0.013962050899863243,0.013982681557536125,0.00012112005788367242,-0.12499873736843724,-0.12499868171289563,4.961375519633293,0.17092600464820862
v2026-07-17-4b84b182293b,2026-07-27,429,5,-0.10643156018074514,-0.10643156018074514,-0.10643156018074514,0.7434122712757792,0.018749069422483444,0.013982681557536125,0.011851736344397068,-1.5955456552741678,-1.5955453738570213,5.002997815608978,0.1106138457544148
v2026-07-24-786e036ecc83,2026-07-27,429,5,-0.12778705754145878,-0.12778705754145878,-0.12778705754145878,0.6609856780906552,0.0202185045927763,0.013982681557536125,0.014468101784586906,-1.928085337432135,-1.9280850887298584,5.087354406714439,0.04482108051888645
v2026-05-08-d40d9199c8bb,2026-08-03,429,5,-0.0779445939845853,-0.0779445939845853,-0.07794490092397452,0.999896039626533,0.013533308170735836,0.013519944623112679,0.00012554932618513703,5.06211495772603,5.06211519241333,5.765729025006294,0.2768389414995909
v2026-07-17-4b84b182293b,2026-08-03,429,5,-0.03910855499640547,-0.03910855499640547,-0.03912428732900449,0.7329642537423455,0.01884225197136402,0.013519944623112679,0.01268664188683033,6.124369805975795,6.12437017261982,5.854550749063492,0.2949825022369623
v2026-07-24-786e036ecc83,2026-08-03,429,5,-0.06251240608988924,-0.06251240608988924,-0.06252996317803991,0.6563098931062418,0.023479854688048363,0.013519944623112679,0.01876411773264408,5.609257878075632,5.6092578917741776,6.05912022292614,0.3199480241164565
v2026-05-08-d40d9199c8bb,2026-08-10,428,5,-0.09563318556730538,-0.09563318556730538,-0.09563318556730538,0.9999268389033978,0.013836928643286228,0.013827643357217312,0.0001264955208171159,5.054788407639612,5.054788663983345,3.6626625806093216,0.5275877192616463
v2026-07-17-4b84b182293b,2026-08-10,428,5,0.020790149026704875,0.020790149026704875,0.020790149026704875,0.7463197136860382,0.02138631045818329,0.013827643357217312,0.016222072765231133,1.722644362975733,1.722644455730915,3.772282972931862,0.17985207960009575
v2026-07-24-786e036ecc83,2026-08-10,428,5,0.016671087453989247,0.016671087453989247,0.016671087453989247,0.7066339513099128,0.023934271186590195,0.013827643357217312,0.01997174136340618,3.9266361840077133,3.926635906100273,3.847113251686096,0.07637994131073356
v2026-08-07-0410be5d7080,2026-08-10,428,5,-0.0849126360080857,-0.0849126360080857,-0.0849126360080857,0.9975474196402648,0.013795257546007633,0.013827643357217312,0.0008269198588095605,5.054788407639612,5.054788663983345,3.658144176006317,0.7107309065759182
v2026-08-07-2b6b17220a14,2026-08-10,428,5,-0.11447630047292988,-0.11447630047292988,-0.11447630047292988,0.9052450537052958,0.013641541823744774,0.013827643357217312,0.005812312941998243,4.867810925921711,4.867811128497124,3.67603600025177,0.2770031336694956
v2026-05-08-d40d9199c8bb,2026-08-17,428,5,-0.030811229524267677,-0.030811229524267677,-0.030820949803259036,0.9998999009264063,0.013033073395490646,0.013044851832091808,0.0001270974171347916,-2.4189683855517643,-2.418968267738819,4.488976672291756,0.6517146714031696
v2026-07-17-4b84b182293b,2026-08-17,428,5,0.10993403715940869,0.10993403715940869,0.10992225600055905,0.7436857611516721,0.02051016129553318,0.013044851832091808,0.015088113956153393,0.9019459578754875,0.9019460529088974,4.312707483768463,0.4390547052025795
v2026-07-24-786e036ecc83,2026-08-17,428,5,0.18111335577246412,0.18111335577246412,0.18109637340965978,0.7282916256410972,0.021078120917081833,0.013044851832091808,0.015496731735765934,2.9114944320779337,2.9114944860339165,4.2585354298353195,0.47228625044226646
v2026-08-07-0410be5d7080,2026-08-17,428,5,-0.04918752153316273,-0.04918752153316273,-0.0491969364019211,0.997676752541162,0.013151750899851322,0.013044851832091808,0.0008305471856147051,-2.4189683855517643,-2.418968267738819,4.5418549329042435,0.8355923928320408
v2026-08-07-2b6b17220a14,2026-08-17,428,5,-0.06282395404503571,-0.06282395404503571,-0.06282808897966176,0.9134176685884975,0.012457401491701603,0.013044851832091808,0.004931155126541853,-2.8400879660771357,-2.8400881215929985,4.499159008264542,0.5351605359464884
v2026-08-14-e7b14b211a54,2026-08-17,428,5,0.054354715301551525,0.054354715301551525,0.054343314657738305,0.9160748857393565,0.012819388881325722,0.013044851832091808,0.005423248745501041,-0.13458473707162502,-0.13458465691655874,4.362567514181137,0.49742432311177254
v2026-05-08-d40d9199c8bb,2026-08-24,429,5,0.08485925394978196,0.08485925394978196,0.08486177143943745,0.999909870611892,0.013928978703916073,0.013903532177209854,0.00012611722922883928,2.8299278889450874,2.8299275785684586,2.911723218858242,0.4335754085332155
v2026-07-17-4b84b182293b,2026-08-24,429,5,0.05881178380238809,0.05881178380238809,0.05880738282911853,0.7721934878857287,0.016814783215522766,0.013903532177209854,0.010542529635131359,2.1877647976390477,2.1877646446228027,2.9118312522768974,0.0934561132453382
v2026-07-24-786e036ecc83,2026-08-24,429,5,0.016289177644916733,0.016289177644916733,0.016288191574071433,0.74920091862061,0.01776769943535328,0.013903532177209854,0.011495228856801987,2.197850611011372,2.1978504955768585,2.9864249750971794,0.2303224289789796
v2026-08-07-0410be5d7080,2026-08-24,429,5,0.07896725396300498,0.07896725396300498,0.07896992276989478,0.9976058716332571,0.013764388859272003,0.013903532177209854,0.0008244902128353715,2.8299278889450874,2.8299273923039436,2.978108450770378,0.6213447079062462
v2026-08-07-2b6b17220a14,2026-08-24,429,5,0.06940343120161749,0.06940343120161749,0.06939842348021466,0.8876264357246753,0.012793575413525105,0.013903532177209854,0.005871433299034834,1.704145023320481,1.7041446641087532,2.869481034576893,0.28622797690331936
v2026-08-14-e7b14b211a54,2026-08-24,429,5,0.07880485387050457,0.07880485387050457,0.07879939125416598,0.9164868385255257,0.013070067390799522,0.013903532177209854,0.005158035084605217,2.252459133396223,2.252459153532982,2.9146868735551834,0.40983622893691063
v2026-08-21-0af698826abd,2026-08-24,429,1,0.07996817657335736,0.07996817657335736,0.07996620983371143,0.8439054750943471,0.012307378463447094,0.01390353124588728,0.006995074450969696,3.041937868879905,3.0419375747442245,2.9164858162403107,0.42150700464844704
v2026-05-08-d40d9199c8bb,2026-08-31,429,5,-0.2566974646739915,-0.2566974646739915,-0.2566964105057891,0.9999433081589134,0.014835076406598091,0.014788459986448288,0.00012055291881551966,-1.367479745796536,-1.3674798421561718,3.515070304274559,0.3900438081473112
v2026-07-17-4b84b182293b,2026-08-31,429,5,-0.21692046271485527,-0.21692046271485527,-0.21692427067862546,0.8523666943793002,0.01716022752225399,0.014788459986448288,0.008649361319839954,-2.3604617136459285,-2.360461838543415,3.6263063549995422,0.4597905557602644
v2026-07-24-786e036ecc83,2026-08-31,429,5,-0.1560814538645445,-0.1560814538645445,-0.15608252371719614,0.8048520920505272,0.017917286604642868,0.014788459986448288,0.010826664045453072,-1.4749186249895156,-1.4749186113476753,3.56086865067482,0.4706994630396366
v2026-08-07-0410be5d7080,2026-08-31,429,5,-0.25342301688748115,-0.25342301688748115,-0.25342203858928675,0.9986275406836155,0.014504651539027691,0.014788459986448288,0.0007883614161983132,-1.8995570881038877,-1.8995573744177818,3.5395167768001556,0.5614844616502523
v2026-08-07-2b6b17220a14,2026-08-31,429,5,-0.24149903563074612,-0.24149903563074612,-0.24149874082932507,0.9118896317766129,0.015606559813022614,0.014788459986448288,0.005873076617717743,-1.139314656189764,-1.1393147520720959,3.482089936733246,0.23291080724447966
v2026-08-14-e7b14b211a54,2026-08-31,429,5,-0.25351238633133877,-0.25351238633133877,-0.2535130039195268,0.9271950609703273,0.01588527299463749,0.014788459986448288,0.005235997494310141,-1.613222178917708,-1.613222062587738,3.515699878334999,0.32047631684690714
v2026-08-21-0af698826abd,2026-08-31,429,1,-0.23105284196351356,-0.23105284196351356,-0.23105748640298215,0.8738206805148774,0.015189479105174541,0.014788460917770863,0.006773125380277634,-1.5301422318688755,-1.5301420353353024,3.473081812262535,0.2557280007749796
v2026-05-08-d40d9199c8bb,2026-09-07,429,5,0.039211755425621976,0.039211755425621976,-0.1917211673351643,0.9999031831024877,0.012749210000038147,0.01274014636874199,0.00011601422738749534,-2.562912622028021,-1.18486937135458,3.9185620844364166,0.44746361672878265
v2026-07-17-4b84b182293b,2026-09-07,429,5,0.09297598728157302,0.09297598728157302,-0.27744941431096615,0.7936451941885544,0.020870953798294067,0.01274014636874199,0.014750010333955288,-3.6930989402540573,0.35633970983326435,4.005551710724831,0.5077267531305552
v2026-07-24-786e036ecc83,2026-09-07,429,5,0.15113892844820903,0.15113892844820903,-0.25571303289190705,0.7632297934623516,0.022635387256741524,0.01274014636874199,0.01638639159500599,-3.826711777675964,-0.0053587060392601416,3.9312828332185745,0.4242626018822193
v2026-08-07-0410be5d7080,2026-09-07,429,5,0.027950901521864354,0.027950901521864354,-0.18790016764370165,0.9976332296262747,0.012707021087408066,0.01274014636874199,0.0007583152619190514,-2.562912622028021,-1.18486937135458,4.0221113711595535,0.6437961012125015
v2026-08-07-2b6b17220a14,2026-09-07,429,5,0.08230895381514812,0.08230895381514812,-0.19531053601907766,0.8959437215685858,0.012138057500123978,0.01274014636874199,0.0054021128453314304,-2.420649194093716,0.24826491717249155,3.7438787519931793,0.2817900385707617
v2026-08-14-e7b14b211a54,2026-09-07,429,5,0.10769656338011044,0.10769656338011044,-0.24682320504967759,0.8952690430630009,0.014157733879983425,0.01274014636874199,0.0060547757893800735,-2.6638023876788863,-0.9479467757046223,3.777417540550232,0.35090602468699217
v2026-08-21-0af698826abd,2026-09-07,429,1,0.17016215690416953,0.17016215690416953,-0.1774539739764691,0.8398633316259919,0.013737826608121395,0.01274014636874199,0.007530709262937307,-2.538847160730182,1.1930372565984726,3.776266798377037,0.44273054227232933
v2026-05-08-d40d9199c8bb,2026-09-14,429,5,0.17787384993357533,0.17787384993357533,0.17787384993357533,0.9999338848502075,0.013463410548865795,0.013447711244225502,0.00011200948938494548,2.7647490578267973,2.7647489681839943,2.8027886524796486,0.07095241453498602
v2026-07-17-4b84b182293b,2026-09-14,429,5,0.13774240845112762,0.13774240845112762,0.13774240845112762,0.8036440846699487,0.019486140459775925,0.013447711244225502,0.012700594030320644,2.114027812419321,2.114027738571167,2.967113070189953,0.04882264765910804
v2026-07-24-786e036ecc83,2026-09-14,429,5,0.1316893762715531,0.1316893762715531,0.1316893762715531,0.7364323353238806,0.021807868033647537,0.013447711244225502,0.015211140736937523,3.2865472223971453,3.2865475863218307,3.0378375202417374,0.09956784779205918
v2026-08-07-0410be5d7080,2026-09-14,429,5,0.17818915081508405,0.17818915081508405,0.17818915081508405,0.9985091413693892,0.013367944397032261,0.013447711244225502,0.0007322472520172596,2.7647490578267973,2.7647487819194794,2.852938324213028,0.22699297405779362
v2026-08-07-2b6b17220a14,2026-09-14,429,5,0.18792190918977453,0.18792190918977453,0.18792190918977453,0.8956275847603821,0.014764613471925259,0.013447711244225502,0.0067388140596449375,2.0234928283387164,2.0234929397702217,2.8192969039082527,0.10988611029461026
v2026-08-14-e7b14b211a54,2026-09-14,429,5,0.18323176108081418,0.18323176108081418,0.18323176108081418,0.915874171470781,0.014676017686724663,0.013447711244225502,0.005727996118366718,1.4495017767769403,1.4495017938315868,2.7959655970335007,0.05719471373595297
v2026-08-21-0af698826abd,2026-09-14,429,1,0.18125552598232406,0.18125552598232406,0.18125552598232406,0.8415190981589591,0.015270473435521126,0.013447711244225502,0.008157248608767986,4.260369065290927,4.260368645191193,2.9349515214562416,0.37759984843432903
v2026-05-08-d40d9199c8bb,2026-09-21,429,5,-0.20236403457442362,-0.20236403457442362,-0.20236403457442362,0.9999402683819115,0.01496525201946497,0.01495676301419735,0.00011115830420749262,-2.0175093303198244,-2.017509564757347,3.4894365817308426,0.08446186548098922
v2026-07-17-4b84b182293b,2026-09-21,429,5,-0.2331165465701436,-0.2331165465701436,-0.2331165465701436,0.8425512544399744,0.020366637036204338,0.01495676301419735,0.011505095288157463,-1.7266424269493645,-1.7266424372792244,3.7828605622053146,0.09525645873509347
v2026-07-24-786e036ecc83,2026-09-21,429,5,-0.27803183558454153,-0.27803183558454153,-0.27803183558454153,0.8093989904900576,0.023821894079446793,0.01495676301419735,0.015094286762177944,-1.803874056102132,-1.8038742244243622,4.013317450881004,-0.013983959797769785
v2026-08-07-0410be5d7080,2026-09-21,429,5,-0.19886205947931662,-0.19886205947931662,-0.19886205947931662,0.9987451800535913,0.01492165308445692,0.01495676301419735,0.0007267665350809693,-2.0175093303198244,-2.017509564757347,3.485218435525894,0.27247562538832426
v2026-08-07-2b6b17220a14,2026-09-21,429,5,-0.28024859296322024,-0.28024859296322024,-0.28024859296322024,0.9226170048165268,0.014446081593632698,0.01495676301419735,0.005580012686550617,-1.3204913757321544,-1.3204915449023247,3.5787727683782578,-0.06742798141203821
v2026-08-14-e7b14b211a54,2026-09-21,429,5,-0.29059447398938815,-0.29059447398938815,-0.29059447398938815,0.9406389307280418,0.015348837710916996,0.01495676301419735,0.004948068875819445,-2.412176559464494,-2.412176877260208,3.6117777228355408,-0.022547888511326164
v2026-08-21-0af698826abd,2026-09-21,429,1,-0.2875550009651292,-0.2875550009651292,-0.2875550009651292,0.8738975868730271,0.015497749671339989,0.014956762082874775,0.0076339393854141235,-2.496519174897295,-2.496519312262535,3.6216821521520615,0.39443355053663254
v2026-05-08-d40d9199c8bb,2026-09-28,429,5,-0.04933223698709463,-0.051710814082500924,-0.04933223698709463,0.9999618507986254,0.014051387086510658,0.014047655276954174,0.00010571814345894381,1.72990988133345,1.7299097031354904,3.553120046854019,0.041914216126315296
v2026-07-17-4b84b182293b,2026-09-28,429,5,-0.05001831465643681,-0.05270859062800231,-0.05001831465643681,0.9091634077724058,0.01792738400399685,0.014047655276954174,0.008421670645475388,2.298554092773304,2.2985540330410004,3.6646734923124313,-0.1490177004598081
v2026-07-24-786e036ecc83,2026-09-28,429,5,-0.037744759044476495,-0.04195038912366936,-0.037744759044476495,0.8924105887592088,0.01860908232629299,0.014047655276954174,0.008856033906340599,1.9490060415730714,1.9490061327815056,3.6536138504743576,-0.22486569359898567
v2026-08-07-0410be5d7080,2026-09-28,429,5,-0.04268606855001117,-0.045226414461897846,-0.04268606855001117,0.9987871289762184,0.014042907394468784,0.014047655276954174,0.0006914029363542795,2.1494156207092505,2.149415574967861,3.5933371633291245,0.19502306822687387
v2026-08-07-2b6b17220a14,2026-09-28,429,5,-0.0791782874808304,-0.07928152742002903,-0.0791782874808304,0.9185859565342287,0.013525348156690598,0.014047655276954174,0.005370441358536482,0.7654762985603273,0.7654762361198664,3.544868901371956,-0.16150863375514746
v2026-08-14-e7b14b211a54,2026-09-28,429,5,-0.07152914462195054,-0.07279100553192787,-0.07152914462195054,0.9335454591051201,0.013998769223690033,0.014047655276954174,0.004914938472211361,0.6156074456293833,0.6156072951853275,3.586411476135254,-0.015485691255889833
v2026-08-21-0af698826abd,2026-09-28,429,1,-0.06217939851932462,-0.0591297778366876,-0.06217939851932462,0.8754521288318289,0.014285070821642876,0.014047655276954174,0.007368727121502161,1.305861267238751,1.3058611191809177,3.6673810333013535,0.24724670220166445
