date,hrp,sac,SPY,QQQ
2026-01-31,,,1.4737793329742122,1.230642788090508
2026-02-28,1.997702041945182,-0.0688847951405668,-0.8641994294614319,-2.3445325475779044
2026-03-31,-9.635108187800457,-10.87394352105344,-4.937951897005721,-4.838258470998791
2026-04-30,2.4647368149414595,13.517183130672985,10.505264083288113,15.690074810018295
2026-05-31,15.667874476126345,-2.709899716382924,5.262574755586291,10.56849099366064
2026-06-30,9.8708385462682,-1.4310069446084372,-1.0292580956815511,-0.1490810658016261
2026-07-31,-22.767755067535667,-0.7311369609000362,0.0348224420069209,-6.5738741098511415
2026-08-31,6.475311126351646,5.626609319054077,2.6799359784972054,4.181746570582745
2026-09-30,-7.921013213779204,-4.485437157562111,-0.3293417783052144,3.3178270679178556
